Severity,Raise time ( GMT ),System type,System name,Component,Description,Acknowledged,Annotation,Additional text,Alarm type,Probable cause,Equipment type,Clear time ( GMT ),Cleared by,CLFI,Supression Flag
WARNING,28-10-2018 19:30,OME6500,NDANDO-MCN-O-I614-01,SHELF-1,BKUPI,No,No,Database Save in Progress,PROCESSING,Database Save In Progress,,,,,No
WARNING,28-10-2018 19:30,OME6500,TANGPF-MSN-O-I657-01,SHELF-1,BKUPI,No,No,Database Save in Progress,PROCESSING,Database Save In Progress,,,,,No
WARNING,28-10-2018 19:30,OME6500,MUMNTG-MSN-O-I657-01,SHELF-1,BKUPI,No,No,Database Save in Progress,PROCESSING,Database Save In Progress,,,,,No
WARNING,28-10-2018 19:30,OME6500,MAANMG-MCD-O-I614-01,SHELF-1,BKUPI,No,No,Database Save in Progress,PROCESSING,Database Save In Progress,,,,,No
WARNING,28-10-2018 19:30,OME6500,BLRVNG-MCN-O-I614-01,SHELF-1,BKUPI,No,No,Database Save in Progress,PROCESSING,Database Save In Progress,,,,,No
WARNING,28-10-2018 19:30,OME6500,BLRBID-MCN-O-I614-01,SHELF-1,BKUPI,No,No,Database Save in Progress,PROCESSING,Database Save In Progress,,,,,No
WARNING,28-10-2018 19:30,OME6500,MAANMG-MCD-O-I614-01,SHELF-3,BKUPI,No,No,Database Save in Progress,PROCESSING,Database Save In Progress,,,,,No
MINOR,28-10-2018 19:29,OME6500,DELGRI-MCD-O-I614-01,DOC-1-1,CHDEL_IP,No,No,DOC Action: Channel Delete In Progress,PROCESSING,DOC Channel Delete In Progress,,,,,No
MAJOR,28-10-2018 19:28,NMS,ndan50-cien-1ctrl-2,Synchronization Coordinator,Loss Of Synchronization,No,No,"Synchronization Failure:DELGRI-MCD-O-I614-01:PWSM: No data obtained from NE (unexpected error). : L0 Sync Failed Unexpected error: \n   Command = RTRV-OC192   Response = [/*Status, TL1 Session Not Available*/]   Additional Info =  for TID = DELGRI-MCD-O-I614-01",PROCESSING,Loss Of Synchronization,,,,,No
MAJOR,28-10-2018 19:28,NMS,mumair-cien-1ctrl-1,Synchronization Coordinator,Loss Of Synchronization,No,No,"Synchronization Failure:DELGRI-MCD-O-I614-01:PWSM: No data obtained from NE (unexpected error). : L0 Sync Failed Unexpected error: \n   Command = RTRV-OC192   Response = [/*Status, TL1 Session Not Available*/]   Additional Info =  for TID = DELGRI-MCD-O-I614-01",PROCESSING,Loss Of Synchronization,,28-10-2018 19:29,,,No
MINOR,28-10-2018 19:27,OME6500,DELGRI-MCD-O-I614-01,DOC-1-1,CHDEL_IP,No,No,DOC Action: Channel Delete In Progress,PROCESSING,DOC Channel Delete In Progress,,28-10-2018 19:27,,,No
MAJOR,28-10-2018 19:26,NMS,mumair-cien-1ctrl-1,Synchronization Coordinator,Loss Of Synchronization,No,No,"Synchronization Failure:DELGRI-MCD-O-I614-01:PWSM: No data obtained from NE (unexpected error). : L0 Sync Failed Unexpected error: \n   Command = RTRV-OC192   Response = [/*Status, TL1 Session Not Available*/]   Additional Info =  for TID = DELGRI-MCD-O-I614-01",PROCESSING,Loss Of Synchronization,,28-10-2018 19:28,,,No
MAJOR,28-10-2018 19:25,NMS,ndan50-cien-1ctrl-2,Synchronization Coordinator,Loss Of Synchronization,No,No,"Synchronization Failure:DELGRI-MCD-O-I614-01:PWSM: No data obtained from NE (unexpected error). : L0 Sync Failed Unexpected error: \n   Command = RTRV-OC192   Response = [/*Status, TL1 Session Not Available*/]   Additional Info =  for TID = DELGRI-MCD-O-I614-01",PROCESSING,Loss Of Synchronization,,28-10-2018 19:27,,,No
MINOR,28-10-2018 19:25,OME6500,DELGRI-MCD-O-I614-01,DOC-1-1,CHDEL_IP,No,No,DOC Action: Channel Delete In Progress,PROCESSING,DOC Channel Delete In Progress,,28-10-2018 19:25,,,No
MAJOR,28-10-2018 19:23,NMS,ndan50-cien-1ctrl-2,Synchronization Coordinator,Loss Of Synchronization,No,No,"Synchronization Failure:DELGRI-MCD-O-I614-01:PWSM: No data obtained from NE (unexpected error). : L0 Sync Failed Unexpected error: \n   Command = RTRV-OC192   Response = [/*Status, TL1 Session Not Available*/]   Additional Info =  for TID = DELGRI-MCD-O-I614-01",PROCESSING,Loss Of Synchronization,,28-10-2018 19:25,,,No
MAJOR,28-10-2018 19:23,NMS,mumair-cien-1ctrl-1,Synchronization Coordinator,Loss Of Synchronization,No,No,"Synchronization Failure:DELGRI-MCD-O-I614-01:PWSM: No data obtained from NE (unexpected error). : L0 Sync Failed Unexpected error: \n   Command = RTRV-OC192   Response = [/*Status, TL1 Session Not Available*/]   Additional Info =  for TID = DELGRI-MCD-O-I614-01",PROCESSING,Loss Of Synchronization,,28-10-2018 19:25,,,No
MINOR,28-10-2018 19:23,OME6500,NDANNM-MCD-O-I614-01,OSRPLINE0-1-114,UNREACHABLERN,No,No,Remote Node Unreachable,PROCESSING,Connection Establishment Error,,28-10-2018 19:23,,,No
MINOR,28-10-2018 19:22,OME6500,DELGRI-MCD-O-I614-01,DOC-1-1,CHDEL_IP,No,No,DOC Action: Channel Delete In Progress,PROCESSING,DOC Channel Delete In Progress,,28-10-2018 19:23,,,No
MAJOR,28-10-2018 19:21,NMS,mumair-cien-1ctrl-1,Synchronization Coordinator,Loss Of Synchronization,No,No,"Synchronization Failure:DELGRI-MCD-O-I614-01:PWSM: No data obtained from NE (unexpected error). : L0 Sync Failed Unexpected error: \n   Command = RTRV-OC192   Response = [/*Status, TL1 Session Not Available*/]   Additional Info =  for TID = DELGRI-MCD-O-I614-01",PROCESSING,Loss Of Synchronization,,28-10-2018 19:23,,,No
MAJOR,28-10-2018 19:21,NMS,ndan50-cien-1ctrl-2,Synchronization Coordinator,Loss Of Synchronization,No,No,"Synchronization Failure:DELGRI-MCD-O-I614-01:PWSM: No data obtained from NE (unexpected error). : L0 Sync Failed Unexpected error: \n   Command = RTRV-OC192   Response = [/*Status, TL1 Session Not Available*/]   Additional Info =  for TID = DELGRI-MCD-O-I614-01",PROCESSING,Loss Of Synchronization,,28-10-2018 19:22,,,No
MINOR,28-10-2018 19:20,OME6500,DELGRI-MCD-O-I614-01,DOC-1-1,CHDEL_IP,No,No,DOC Action: Channel Delete In Progress,PROCESSING,DOC Channel Delete In Progress,,28-10-2018 19:20,,,No
MAJOR,28-10-2018 19:18,NMS,mumair-cien-1ctrl-1,Synchronization Coordinator,Loss Of Synchronization,No,No,"Synchronization Failure:DELGRI-MCD-O-I614-01:PWSM: No data obtained from NE (unexpected error). : L0 Sync Failed Unexpected error: \n   Command = RTRV-OC192   Response = [/*Status, TL1 Session Not Available*/]   Additional Info =  for TID = DELGRI-MCD-O-I614-01",PROCESSING,Loss Of Synchronization,,28-10-2018 19:20,,,No
MAJOR,28-10-2018 19:18,NMS,ndan50-cien-1ctrl-2,Synchronization Coordinator,Loss Of Synchronization,No,No,"Synchronization Failure:DELGRI-MCD-O-I614-01:PWSM: No data obtained from NE (unexpected error). : L0 Sync Failed Unexpected error: \n   Command = RTRV-OC192   Response = [/*Status, TL1 Session Not Available*/]   Additional Info =  for TID = DELGRI-MCD-O-I614-01",PROCESSING,Loss Of Synchronization,,28-10-2018 19:20,,,No
MINOR,28-10-2018 19:18,OME6500,NDANNM-MCD-O-I614-01,OSRPLINE0-1-114,UNREACHABLERN,No,No,Remote Node Unreachable,PROCESSING,Connection Establishment Error,,28-10-2018 19:18,,,No
MINOR,28-10-2018 19:18,OME6500,DELGRI-MCD-O-I614-01,DOC-1-1,CHDEL_IP,No,No,DOC Action: Channel Delete In Progress,PROCESSING,DOC Channel Delete In Progress,,28-10-2018 19:18,,,No
MAJOR,28-10-2018 19:16,NMS,ndan50-cien-1ctrl-2,Synchronization Coordinator,Loss Of Synchronization,No,No,"Synchronization Failure:DELGRI-MCD-O-I614-01:PWSM: No data obtained from NE (unexpected error). : L0 Sync Failed Unexpected error: \n   Command = RTRV-OC192   Response = [/*Status, TL1 Session Not Available*/]   Additional Info =  for TID = DELGRI-MCD-O-I614-01",PROCESSING,Loss Of Synchronization,,28-10-2018 19:18,,,No
MAJOR,28-10-2018 19:16,NMS,mumair-cien-1ctrl-1,Synchronization Coordinator,Loss Of Synchronization,No,No,"Synchronization Failure:DELGRI-MCD-O-I614-01:PWSM: No data obtained from NE (unexpected error). : L0 Sync Failed Unexpected error: \n   Command = RTRV-OC192   Response = [/*Status, TL1 Session Not Available*/]   Additional Info =  for TID = DELGRI-MCD-O-I614-01",PROCESSING,Loss Of Synchronization,,28-10-2018 19:18,,,No
MINOR,28-10-2018 19:15,OME6500,DELGRI-MCD-O-I614-01,DOC-1-1,CHDEL_IP,No,No,DOC Action: Channel Delete In Progress,PROCESSING,DOC Channel Delete In Progress,,28-10-2018 19:15,,,No
MAJOR,28-10-2018 19:14,NMS,mumair-cien-1ctrl-1,Synchronization Coordinator,Loss Of Synchronization,No,No,"Synchronization Failure:DELGRI-MCD-O-I614-01:PWSM: No data obtained from NE (unexpected error). : L0 Sync Failed Unexpected error: \n   Command = RTRV-OC192   Response = [/*Status, TL1 Session Not Available*/]   Additional Info =  for TID = DELGRI-MCD-O-I614-01",PROCESSING,Loss Of Synchronization,,28-10-2018 19:15,,,No
MAJOR,28-10-2018 19:14,NMS,ndan50-cien-1ctrl-2,Synchronization Coordinator,Loss Of Synchronization,No,No,"Synchronization Failure:DELGRI-MCD-O-I614-01:PWSM: No data obtained from NE (unexpected error). : L0 Sync Failed Unexpected error: \n   Command = RTRV-OC192   Response = [/*Status, TL1 Session Not Available*/]   Additional Info =  for TID = DELGRI-MCD-O-I614-01",PROCESSING,Loss Of Synchronization,,28-10-2018 19:16,,,No
MINOR,28-10-2018 19:13,OME6500,DELGRI-MCD-O-I614-01,DOC-1-1,CHDEL_IP,No,No,DOC Action: Channel Delete In Progress,PROCESSING,DOC Channel Delete In Progress,,28-10-2018 19:13,,,No
MAJOR,28-10-2018 19:11,NMS,mumair-cien-1ctrl-1,Synchronization Coordinator,Loss Of Synchronization,No,No,"Synchronization Failure:DELGRI-MCD-O-I614-01:PWSM: No data obtained from NE (unexpected error). : L0 Sync Failed Unexpected error: \n   Command = RTRV-OC192   Response = [/*Status, TL1 Session Not Available*/]   Additional Info =  for TID = DELGRI-MCD-O-I614-01",PROCESSING,Loss Of Synchronization,,28-10-2018 19:14,,,No
MAJOR,28-10-2018 19:11,NMS,ndan50-cien-1ctrl-2,Synchronization Coordinator,Loss Of Synchronization,No,No,"Synchronization Failure:DELGRI-MCD-O-I614-01:PWSM: No data obtained from NE (unexpected error). : L0 Sync Failed Unexpected error: \n   Command = RTRV-OC192   Response = [/*Status, TL1 Session Not Available*/]   Additional Info =  for TID = DELGRI-MCD-O-I614-01",PROCESSING,Loss Of Synchronization,,28-10-2018 19:14,,,No
MINOR,28-10-2018 19:10,OME6500,DELGRI-MCD-O-I614-01,DOC-1-1,CHDEL_IP,No,No,DOC Action: Channel Delete In Progress,PROCESSING,DOC Channel Delete In Progress,,28-10-2018 19:11,,,No
MAJOR,28-10-2018 19:09,NMS,mumair-cien-1ctrl-1,Synchronization Coordinator,Loss Of Synchronization,No,No,"Synchronization Failure:DELGRI-MCD-O-I614-01:PWSM: No data obtained from NE (unexpected error). : L0 Sync Failed Unexpected error: \n   Command = RTRV-OC192   Response = [/*Status, TL1 Session Not Available*/]   Additional Info =  for TID = DELGRI-MCD-O-I614-01",PROCESSING,Loss Of Synchronization,,28-10-2018 19:10,,,No
MAJOR,28-10-2018 19:09,NMS,ndan50-cien-1ctrl-2,Synchronization Coordinator,Loss Of Synchronization,No,No,"Synchronization Failure:DELGRI-MCD-O-I614-01:PWSM: No data obtained from NE (unexpected error). : L0 Sync Failed Unexpected error: \n   Command = RTRV-OC192   Response = [/*Status, TL1 Session Not Available*/]   Additional Info =  for TID = DELGRI-MCD-O-I614-01",PROCESSING,Loss Of Synchronization,,28-10-2018 19:11,,,No
MINOR,28-10-2018 19:08,OME6500,DELGRI-MCD-O-I614-01,DOC-1-1,CHDEL_IP,No,No,DOC Action: Channel Delete In Progress,PROCESSING,DOC Channel Delete In Progress,,28-10-2018 19:08,,,No
MAJOR,28-10-2018 19:06,NMS,mumair-cien-1ctrl-1,Synchronization Coordinator,Loss Of Synchronization,No,No,"Synchronization Failure:DELGRI-MCD-O-I614-01:PWSM: No data obtained from NE (unexpected error). : L0 Sync Failed Unexpected error: \n   Command = RTRV-OC192   Response = [/*Status, TL1 Session Not Available*/]   Additional Info =  for TID = DELGRI-MCD-O-I614-01",PROCESSING,Loss Of Synchronization,,28-10-2018 19:08,,,No
MAJOR,28-10-2018 19:06,NMS,ndan50-cien-1ctrl-2,Synchronization Coordinator,Loss Of Synchronization,No,No,"Synchronization Failure:DELGRI-MCD-O-I614-01:PWSM: No data obtained from NE (unexpected error). : L0 Sync Failed Unexpected error: \n   Command = RTRV-OC192   Response = [/*Status, TL1 Session Not Available*/]   Additional Info =  for TID = DELGRI-MCD-O-I614-01",PROCESSING,Loss Of Synchronization,,28-10-2018 19:09,,,No
MINOR,28-10-2018 19:06,OME6500,DELGRI-MCD-O-I614-01,DOC-1-1,CHDEL_IP,No,No,DOC Action: Channel Delete In Progress,PROCESSING,DOC Channel Delete In Progress,,28-10-2018 19:06,,,No
MAJOR,28-10-2018 19:04,NMS,mumair-cien-1ctrl-1,Synchronization Coordinator,Loss Of Synchronization,No,No,"Synchronization Failure:DELGRI-MCD-O-I614-01:PWSM: No data obtained from NE (unexpected error). : L0 Sync Failed Unexpected error: \n   Command = RTRV-OC192   Response = [/*Status, TL1 Session Not Available*/]   Additional Info =  for TID = DELGRI-MCD-O-I614-01",PROCESSING,Loss Of Synchronization,,28-10-2018 19:06,,,No
MAJOR,28-10-2018 19:04,NMS,ndan50-cien-1ctrl-2,Synchronization Coordinator,Loss Of Synchronization,No,No,"Synchronization Failure:DELGRI-MCD-O-I614-01:PWSM: No data obtained from NE (unexpected error). : L0 Sync Failed Unexpected error: \n   Command = RTRV-OC192   Response = [/*Status, TL1 Session Not Available*/]   Additional Info =  for TID = DELGRI-MCD-O-I614-01",PROCESSING,Loss Of Synchronization,,28-10-2018 19:06,,,No
MINOR,28-10-2018 19:03,OME6500,DELGRI-MCD-O-I614-01,DOC-1-1,CHDEL_IP,No,No,DOC Action: Channel Delete In Progress,PROCESSING,DOC Channel Delete In Progress,,28-10-2018 19:03,,,No
MAJOR,28-10-2018 19:02,NMS,mumair-cien-1ctrl-1,Synchronization Coordinator,Loss Of Synchronization,No,No,"Synchronization Failure:DELGRI-MCD-O-I614-01:PWSM: No data obtained from NE (unexpected error). : L0 Sync Failed Unexpected error: \n   Command = RTRV-OC192   Response = [/*Status, TL1 Session Not Available*/]   Additional Info =  for TID = DELGRI-MCD-O-I614-01",PROCESSING,Loss Of Synchronization,,28-10-2018 19:03,,,No
MAJOR,28-10-2018 19:02,NMS,ndan50-cien-1ctrl-2,Synchronization Coordinator,Loss Of Synchronization,No,No,"Synchronization Failure:DELGRI-MCD-O-I614-01:PWSM: No data obtained from NE (unexpected error). : L0 Sync Failed Unexpected error: \n   Command = RTRV-OC192   Response = [/*Status, TL1 Session Not Available*/]   Additional Info =  for TID = DELGRI-MCD-O-I614-01",PROCESSING,Loss Of Synchronization,,28-10-2018 19:04,,,No
MINOR,28-10-2018 19:01,OME6500,NDANDO-MCN-O-I614-01,OSRPLINE0-1-314,UNREACHABLERN,No,No,Remote Node Unreachable,PROCESSING,Connection Establishment Error,,28-10-2018 19:02,,,No
MINOR,28-10-2018 19:01,OME6500,NDANNM-MCD-O-I614-01,OSRPLINE0-1-114,UNREACHABLERN,No,No,Remote Node Unreachable,PROCESSING,Connection Establishment Error,,28-10-2018 19:02,,,No
MINOR,28-10-2018 19:01,OME6500,DELGRI-MCD-O-I614-01,DOC-1-1,CHDEL_IP,No,No,DOC Action: Channel Delete In Progress,PROCESSING,DOC Channel Delete In Progress,,28-10-2018 19:01,,,No
MAJOR,28-10-2018 18:59,NMS,mumair-cien-1ctrl-1,Synchronization Coordinator,Loss Of Synchronization,No,No,"Synchronization Failure:DELGRI-MCD-O-I614-01:PWSM: No data obtained from NE (unexpected error). : L0 Sync Failed Unexpected error: \n   Command = RTRV-OC192   Response = [/*Status, TL1 Session Not Available*/]   Additional Info =  for TID = DELGRI-MCD-O-I614-01",PROCESSING,Loss Of Synchronization,,28-10-2018 19:01,,,No
MAJOR,28-10-2018 18:59,NMS,ndan50-cien-1ctrl-2,Synchronization Coordinator,Loss Of Synchronization,No,No,"Synchronization Failure:DELGRI-MCD-O-I614-01:PWSM: No data obtained from NE (unexpected error). : L0 Sync Failed Unexpected error: \n   Command = RTRV-OC192   Response = [/*Status, TL1 Session Not Available*/]   Additional Info =  for TID = DELGRI-MCD-O-I614-01",PROCESSING,Loss Of Synchronization,,28-10-2018 19:02,,,No
MAJOR,28-10-2018 18:59,OME6500,BLRDME-MCM-O-I614-01,OTM2-2-7-10,BER_SD_OTU,No,No,OTU Signal Degrade,COMMUNICATION,Signal Degraded,100G MOTR | WL3n Extnd C-Band | 10xSFP+,28-10-2018 18:59,,,No
MAJOR,28-10-2018 18:59,OME6500,BLRAID-MCD-O-I614-01,OTM2-2-10-10,BER_SD_OTU,No,No,OTU Signal Degrade,COMMUNICATION,Signal Degraded,100G MOTR | WL3n Extnd C-Band | 10xSFP+,28-10-2018 18:59,,,No
CRITICAL,28-10-2018 18:59,OME6500,BLRVNG-MCN-O-I614-01,OTM2-3-5-10,LOF_OTU,No,No,Loss Of Frame,COMMUNICATION,Frame Loss,100G MOTR | WL3n Extnd C-Band | 10xSFP+,28-10-2018 18:59,,,No
MAJOR,28-10-2018 18:59,OME6500,BLRVNG-MCN-O-I614-01,OTM2-3-5-10,RX_PWR_OOR_OCH,No,No,Rx Power Out Of Range,EQUIPMENT,Receive Power Range Exceeded,100G MOTR | WL3n Extnd C-Band | 10xSFP+,28-10-2018 18:59,,,No
MAJOR,28-10-2018 18:59,OME6500,BLRVNG-MCN-O-I614-01,OTM2-3-5-10,BER_SD_OTU,No,No,OTU Signal Degrade,COMMUNICATION,Signal Degraded,100G MOTR | WL3n Extnd C-Band | 10xSFP+,28-10-2018 18:59,,,No
CRITICAL,28-10-2018 18:59,OME6500,BLRDME-MCM-O-I614-01,OTM2-2-7-10,LOF_OTU,No,No,Loss Of Frame,COMMUNICATION,Frame Loss,100G MOTR | WL3n Extnd C-Band | 10xSFP+,28-10-2018 18:59,,,No
CRITICAL,28-10-2018 18:59,OME6500,BLRAID-MCD-O-I614-01,OTM2-2-10-10,LOF_OTU,No,No,Loss Of Frame,COMMUNICATION,Frame Loss,100G MOTR | WL3n Extnd C-Band | 10xSFP+,28-10-2018 18:59,,,No
MAJOR,28-10-2018 18:59,OME6500,BLRDME-MCM-O-I614-01,OTM2-2-7-10,RX_PWR_OOR_OCH,No,No,Rx Power Out Of Range,EQUIPMENT,Receive Power Range Exceeded,100G MOTR | WL3n Extnd C-Band | 10xSFP+,28-10-2018 18:59,,,No
MAJOR,28-10-2018 18:59,OME6500,BLRAID-MCD-O-I614-01,OTM2-2-10-10,RX_PWR_OOR_OCH,No,No,Rx Power Out Of Range,EQUIPMENT,Receive Power Range Exceeded,100G MOTR | WL3n Extnd C-Band | 10xSFP+,28-10-2018 18:59,,,No
MINOR,28-10-2018 18:59,OME6500,BLRVNG-MCN-O-I614-01,OTM2-2-10-10,BDI_OTU,No,No,OTU BDI,COMMUNICATION,Backward Defect Indication,100G MOTR | WL3n Extnd C-Band | 10xSFP+,28-10-2018 18:59,,,No
MAJOR,28-10-2018 18:59,OME6500,BLRVNG-MCN-O-I614-01,OTM2-2-10-10,BER_SD_OTU,No,No,OTU Signal Degrade,COMMUNICATION,Signal Degraded,100G MOTR | WL3n Extnd C-Band | 10xSFP+,28-10-2018 18:59,,,No
MINOR,28-10-2018 18:58,OME6500,DELGRI-MCD-O-I614-01,DOC-1-1,CHDEL_IP,No,No,DOC Action: Channel Delete In Progress,PROCESSING,DOC Channel Delete In Progress,,28-10-2018 18:59,,,No
MINOR,28-10-2018 18:58,OME6500,NDANNM-MCD-O-I614-01,OSRPLINE0-1-114,UNREACHABLERN,No,No,Remote Node Unreachable,PROCESSING,Connection Establishment Error,,28-10-2018 18:59,,,No
MAJOR,28-10-2018 18:58,OME6500,BLRDME-MCM-O-I614-01,OTM4-2-7-1,RX_CH_PWR_OOR,No,No,Rx Channel Power Out Of Range,EQUIPMENT,Receive Power Range Exceeded,100G MOTR | WL3n Extnd C-Band | 10xSFP+,28-10-2018 18:58,,VNG-SH3S5-SH1S1P21-22-DME-SH2S7-SH1S1P23-24-REV-MR-SNC-WORK,No
CRITICAL,28-10-2018 18:58,OME6500,BLRVNG-MCN-O-I614-01,OTM4-3-5-1,RTCLK,No,No,Loss Of Clock,TIMING,Real Time Clock Failure,100G MOTR | WL3n Extnd C-Band | 10xSFP+,28-10-2018 18:58,,VNG-SH3S5-SH1S1P21-22-DME-SH2S7-SH1S1P23-24-REV-MR-SNC-WORK,No
MAJOR,28-10-2018 18:58,OME6500,BLRVNG-MCN-O-I614-01,OTM4-3-5-1,RX_CH_PWR_OOR,No,No,Rx Channel Power Out Of Range,EQUIPMENT,Receive Power Range Exceeded,100G MOTR | WL3n Extnd C-Band | 10xSFP+,28-10-2018 18:58,,VNG-SH3S5-SH1S1P21-22-DME-SH2S7-SH1S1P23-24-REV-MR-SNC-WORK,No
MINOR,28-10-2018 18:58,OME6500,BLRDME-MCM-O-I614-01,OTM4-2-7-1,BDI_ODU,No,No,ODU BDI,COMMUNICATION,Backward Defect Indication,100G MOTR | WL3n Extnd C-Band | 10xSFP+,28-10-2018 18:58,,VNG-SH3S5-SH1S1P21-22-DME-SH2S7-SH1S1P23-24-REV-MR-SNC-WORK,No
MINOR,28-10-2018 18:58,OME6500,BLRDME-MCM-O-I614-01,OTM4-2-7-1,BDI_OTU,No,No,OTU BDI,COMMUNICATION,Backward Defect Indication,100G MOTR | WL3n Extnd C-Band | 10xSFP+,28-10-2018 18:58,,VNG-SH3S5-SH1S1P21-22-DME-SH2S7-SH1S1P23-24-REV-MR-SNC-WORK,No
MINOR,28-10-2018 18:58,OME6500,BLRDME-MCM-O-I614-01,AMP-1-13-6,T_TSUM_OTS,No,No,Gauge Threshold Crossing Alert Summary,PERFORMANCE,Threshold Crossed,MLA3 | C-Band,28-10-2018 18:58,,,No
MINOR,28-10-2018 18:58,OME6500,BLRDME-MCM-O-I614-01,OPTMON-1-14-6,T_TSUM_OTS,No,No,Gauge Threshold Crossing Alert Summary,PERFORMANCE,Threshold Crossed,ESAM | C-Band w/OSC | 1xSFP,28-10-2018 18:58,,,No
MINOR,28-10-2018 18:58,OME6500,BLRVNG-MCN-O-I614-01,OPTMON-3-11-21,T_TSUM_OTS,No,No,Gauge Threshold Crossing Alert Summary,PERFORMANCE,Threshold Crossed,WSS Flex | C-Band w/OPM | 9x1,28-10-2018 18:58,,,No
MINOR,28-10-2018 18:58,OME6500,BLRVNG-MCN-O-I614-01,OPTMON-3-14-8,T_TSUM_OTS,No,No,Gauge Threshold Crossing Alert Summary,PERFORMANCE,Threshold Crossed,ESAM | C-Band w/OSC | 1xSFP,28-10-2018 18:58,,,No
MINOR,28-10-2018 18:58,OME6500,BLRVNG-MCN-O-I614-01,AMP-3-13-8,T_TSUM_OTS,No,No,Gauge Threshold Crossing Alert Summary,PERFORMANCE,Threshold Crossed,MLA3 | C-Band,28-10-2018 18:58,,,No
MINOR,28-10-2018 18:58,OME6500,BLRDME-MCM-O-I614-01,OPTMON-1-11-21,T_TSUM_OTS,No,No,Gauge Threshold Crossing Alert Summary,PERFORMANCE,Threshold Crossed,WSS Flex | C-Band w/OPM | 9x1,28-10-2018 18:58,,,No
MINOR,28-10-2018 18:58,OME6500,BLRDME-MCM-O-I614-01,AMP-1-13-8,T_TSUM_OTS,No,No,Gauge Threshold Crossing Alert Summary,PERFORMANCE,Threshold Crossed,MLA3 | C-Band,28-10-2018 18:58,,,No
MINOR,28-10-2018 18:58,OME6500,BLRDME-MCM-O-I614-01,OPTMON-1-14-8,T_TSUM_OTS,No,No,Gauge Threshold Crossing Alert Summary,PERFORMANCE,Threshold Crossed,ESAM | C-Band w/OSC | 1xSFP,28-10-2018 18:58,,,No
MINOR,28-10-2018 18:58,OME6500,BLRVNG-MCN-O-I614-01,OPTMON-3-14-6,T_TSUM_OTS,No,No,Gauge Threshold Crossing Alert Summary,PERFORMANCE,Threshold Crossed,ESAM | C-Band w/OSC | 1xSFP,28-10-2018 18:58,,,No
MINOR,28-10-2018 18:58,OME6500,BLRVNG-MCN-O-I614-01,AMP-3-13-6,T_TSUM_OTS,No,No,Gauge Threshold Crossing Alert Summary,PERFORMANCE,Threshold Crossed,MLA3 | C-Band,28-10-2018 18:58,,,No
CRITICAL,28-10-2018 18:58,OME6500,BLRVNG-MCN-O-I614-01,OTM4-3-5-1,LOCH,No,No,Loss Of Channel,COMMUNICATION,Signal Fail,100G MOTR | WL3n Extnd C-Band | 10xSFP+,28-10-2018 18:58,,VNG-SH3S5-SH1S1P21-22-DME-SH2S7-SH1S1P23-24-REV-MR-SNC-WORK,No
MINOR,28-10-2018 18:57,OME6500,BLRDME-MCM-O-I614-01,DOC-1-2,CHADD_IP,No,No,DOC Action: Channel Add In Progress,PROCESSING,DOC Channel Add In Progress,SP-2 | Dual CPU,28-10-2018 18:58,,,No
MINOR,28-10-2018 18:57,OME6500,BLRVNG-MCN-O-I614-01,DOC-3-1,CHADD_IP,No,No,DOC Action: Channel Add In Progress,PROCESSING,DOC Channel Add In Progress,SP-2 | Dual CPU,28-10-2018 18:58,,,No
MINOR,28-10-2018 18:57,OME6500,BLRDME-MCM-O-I614-01,OPTMON-1-9-3,T_TSUM_OTS,No,No,Gauge Threshold Crossing Alert Summary,PERFORMANCE,Threshold Crossed,WSS Flex | C-Band w/OPM | 9x1,28-10-2018 18:57,,,No
MINOR,28-10-2018 18:57,OME6500,BLRDME-MCM-O-I614-01,OPTMON-2-11-3,T_TSUM_OTS,No,No,Gauge Threshold Crossing Alert Summary,PERFORMANCE,Threshold Crossed,WSS Flex | C-Band w/OPM | 9x1,28-10-2018 18:57,,,No
MAJOR,28-10-2018 18:57,OME6500,BLRDME-MCM-O-I614-01,AMP-1-1-26,STC_OTS,No,No,Shutoff Threshold Crossed,COMMUNICATION,Signal Fail,CCMD12 | C-Band,28-10-2018 18:57,,,No
MAJOR,28-10-2018 18:57,OME6500,BLRDME-MCM-O-I614-01,OPTMON-1-1-23,LOS_OTS,No,No,Loss Of Signal,COMMUNICATION,Signal Fail,CCMD12 | C-Band,28-10-2018 18:57,,,No
MAJOR,28-10-2018 18:57,OME6500,BLRVNG-MCN-O-I614-01,OPTMON-1-1-21,LOS_OTS,No,No,Loss Of Signal,COMMUNICATION,Signal Fail,CCMD12 | C-Band,28-10-2018 18:57,,,No
MAJOR,28-10-2018 18:57,NMS,mumair-cien-1ctrl-1,Synchronization Coordinator,Loss Of Synchronization,No,No,"Synchronization Failure:DELGRI-MCD-O-I614-01:PWSM: No data obtained from NE (unexpected error). : L0 Sync Failed Unexpected error: \n   Command = RTRV-OC192   Response = [/*Status, TL1 Session Not Available*/]   Additional Info =  for TID = DELGRI-MCD-O-I614-01",PROCESSING,Loss Of Synchronization,,28-10-2018 18:59,,,No
MAJOR,28-10-2018 18:57,NMS,ndan50-cien-1ctrl-2,Synchronization Coordinator,Loss Of Synchronization,No,No,"Synchronization Failure:DELGRI-MCD-O-I614-01:PWSM: No data obtained from NE (unexpected error). : L0 Sync Failed Unexpected error: \n   Command = RTRV-OC192   Response = [/*Status, TL1 Session Not Available*/]   Additional Info =  for TID = DELGRI-MCD-O-I614-01",PROCESSING,Loss Of Synchronization,,28-10-2018 18:59,,,No
MAJOR,28-10-2018 18:57,OME6500,BLRDME-MCM-O-I614-01,OPTMON-1-11-3,LOS_OTS,No,No,Loss Of Signal,COMMUNICATION,Signal Fail,WSS Flex | C-Band w/OPM | 9x1,28-10-2018 18:57,,,No
MAJOR,28-10-2018 18:57,OME6500,BLRDME-MCM-O-I614-01,OPTMON-1-9-3,LOS_OTS,No,No,Loss Of Signal,COMMUNICATION,Signal Fail,WSS Flex | C-Band w/OPM | 9x1,28-10-2018 18:57,,,No
MAJOR,28-10-2018 18:57,OME6500,BLRDME-MCM-O-I614-01,AMP-1-4-8,IN_LOS_OTS,No,No,Input Loss Of Signal,COMMUNICATION,Signal Fail,MLA3 | C-Band,28-10-2018 18:57,,,No
MAJOR,28-10-2018 18:57,OME6500,BLRDME-MCM-O-I614-01,AMP-1-4-8,STC_OTS,No,No,Shutoff Threshold Crossed,COMMUNICATION,Signal Fail,MLA3 | C-Band,28-10-2018 18:57,,,No
MAJOR,28-10-2018 18:57,OME6500,BLRDME-MCM-O-I614-01,OPTMON-2-11-3,LOS_OTS,No,No,Loss Of Signal,COMMUNICATION,Signal Fail,WSS Flex | C-Band w/OPM | 9x1,28-10-2018 18:57,,,No
MINOR,28-10-2018 18:56,OME6500,BLRDME-MCM-O-I614-01,DOC-1-1,CHDEL_IP,No,No,DOC Action: Channel Delete In Progress,PROCESSING,DOC Channel Delete In Progress,SP-2 | Dual CPU,28-10-2018 18:57,,,No
MINOR,28-10-2018 18:56,OME6500,DELGRI-MCD-O-I614-01,DOC-1-1,CHDEL_IP,No,No,DOC Action: Channel Delete In Progress,PROCESSING,DOC Channel Delete In Progress,,28-10-2018 18:56,,,No
MINOR,28-10-2018 18:56,OME6500,BLRVNG-MCN-O-I614-01,DOC-1-1,CHDEL_IP,No,No,DOC Action: Channel Delete In Progress,PROCESSING,DOC Channel Delete In Progress,SP-2 | Dual CPU,28-10-2018 18:56,,,No
MINOR,28-10-2018 18:56,OME6500,BLRJYN-MCM-O-I614-01,DOC-2-1,CHDEL_IP,No,No,DOC Action: Channel Delete In Progress,PROCESSING,DOC Channel Delete In Progress,SP-2 | Dual CPU,28-10-2018 18:56,,,No
MINOR,28-10-2018 18:56,OME6500,BLRJYN-MCM-O-I614-01,DOC-3-2,CHDEL_IP,No,No,DOC Action: Channel Delete In Progress,PROCESSING,DOC Channel Delete In Progress,SP-2 | Dual CPU,28-10-2018 18:56,,,No
CRITICAL,28-10-2018 18:56,OME6500,BLRAID-MCD-O-I614-01,OTM2-2-10-10,LOS_OTU,No,No,Loss Of Signal,COMMUNICATION,Signal Fail,100G MOTR | WL3n Extnd C-Band | 10xSFP+,28-10-2018 18:59,,,No
MAJOR,28-10-2018 18:55,OME6500,BLRDME-MCM-O-I614-01,OPTMON-1-5-22,LOS_OTS,No,No,Loss Of Signal,COMMUNICATION,Signal Fail,WSS Flex | C-Band w/OPM | 9x1,28-10-2018 18:56,,,No
